{
	"start":	{
		"connected":	[{
				"socket":	5,
				"local_host":	"10.0.1.102",
				"local_port":	5201,
				"remote_host":	"10.0.1.101",
				"remote_port":	46702
			}],
		"version":	"iperf 3.9",
		"system_info":	"Linux mihai-LEO-EM 6.4.0GCE+ORACLE #1 SMP Thu Feb 27 01:03:27 GMT 2025 x86_64",
		"sock_bufsize":	0,
		"sndbuf_actual":	87380,
		"rcvbuf_actual":	87380,
		"timestamp":	{
			"time":	"Mon, 03 Mar 2025 14:55:21 GMT",
			"timesecs":	1741013721
		},
		"accepted_connection":	{
			"host":	"10.0.1.101",
			"port":	46700
		},
		"cookie":	"ey6llswigenvy7cqdsq66o7kgiefehlj3m4l",
		"tcp_mss_default":	0,
		"test_start":	{
			"protocol":	"TCP",
			"num_streams":	1,
			"blksize":	131072,
			"omit":	0,
			"duration":	20,
			"bytes":	0,
			"blocks":	0,
			"reverse":	0,
			"tos":	0
		}
	},
	"intervals":	[{
			"streams":	[{
					"socket":	5,
					"start":	0,
					"end":	1.000065,
					"seconds":	1.0000649690628052,
					"bytes":	3780728,
					"bits_per_second":	30243859.084819648,
					"omitted":	false,
					"sender":	false
				}],
			"sum":	{
				"start":	0,
				"end":	1.000065,
				"seconds":	1.0000649690628052,
				"bytes":	3780728,
				"bits_per_second":	30243859.084819648,
				"omitted":	false,
				"sender":	false
			}
		}, {
			"streams":	[{
					"socket":	5,
					"start":	1.000065,
					"end":	2.000079,
					"seconds":	1.0000139474868774,
					"bytes":	11930072,
					"bits_per_second":	95439244.8623847,
					"omitted":	false,
					"sender":	false
				}],
			"sum":	{
				"start":	1.000065,
				"end":	2.000079,
				"seconds":	1.0000139474868774,
				"bytes":	11930072,
				"bits_per_second":	95439244.8623847,
				"omitted":	false,
				"sender":	false
			}
		}, {
			"streams":	[{
					"socket":	5,
					"start":	2.000079,
					"end":	3.000065,
					"seconds":	0.99998599290847778,
					"bytes":	11943104,
					"bits_per_second":	95546170.323952332,
					"omitted":	false,
					"sender":	false
				}],
			"sum":	{
				"start":	2.000079,
				"end":	3.000065,
				"seconds":	0.99998599290847778,
				"bytes":	11943104,
				"bits_per_second":	95546170.323952332,
				"omitted":	false,
				"sender":	false
			}
		}, {
			"streams":	[{
					"socket":	5,
					"start":	3.000065,
					"end":	4.000065,
					"seconds":	1,
					"bytes":	11941656,
					"bits_per_second":	95533248,
					"omitted":	false,
					"sender":	false
				}],
			"sum":	{
				"start":	3.000065,
				"end":	4.000065,
				"seconds":	1,
				"bytes":	11941656,
				"bits_per_second":	95533248,
				"omitted":	false,
				"sender":	false
			}
		}, {
			"streams":	[{
					"socket":	5,
					"start":	4.000065,
					"end":	5.000073,
					"seconds":	1.0000079870224,
					"bytes":	11941656,
					"bits_per_second":	95532484.979902551,
					"omitted":	false,
					"sender":	false
				}],
			"sum":	{
				"start":	4.000065,
				"end":	5.000073,
				"seconds":	1.0000079870224,
				"bytes":	11941656,
				"bits_per_second":	95532484.979902551,
				"omitted":	false,
				"sender":	false
			}
		}, {
			"streams":	[{
					"socket":	5,
					"start":	5.000073,
					"end":	6.000003,
					"seconds":	0.99993002414703369,
					"bytes":	11778032,
					"bits_per_second":	94230849.8840964,
					"omitted":	false,
					"sender":	false
				}],
			"sum":	{
				"start":	5.000073,
				"end":	6.000003,
				"seconds":	0.99993002414703369,
				"bytes":	11778032,
				"bits_per_second":	94230849.8840964,
				"omitted":	false,
				"sender":	false
			}
		}, {
			"streams":	[{
					"socket":	5,
					"start":	6.000003,
					"end":	7.000083,
					"seconds":	1.0000799894332886,
					"bytes":	11904008,
					"bits_per_second":	95224447.0504452,
					"omitted":	false,
					"sender":	false
				}],
			"sum":	{
				"start":	6.000003,
				"end":	7.000083,
				"seconds":	1.0000799894332886,
				"bytes":	11904008,
				"bits_per_second":	95224447.0504452,
				"omitted":	false,
				"sender":	false
			}
		}, {
			"streams":	[{
					"socket":	5,
					"start":	7.000083,
					"end":	8.000078,
					"seconds":	0.999994993209839,
					"bytes":	11925728,
					"bits_per_second":	95406301.679332554,
					"omitted":	false,
					"sender":	false
				}],
			"sum":	{
				"start":	7.000083,
				"end":	8.000078,
				"seconds":	0.999994993209839,
				"bytes":	11925728,
				"bits_per_second":	95406301.679332554,
				"omitted":	false,
				"sender":	false
			}
		}, {
			"streams":	[{
					"socket":	5,
					"start":	8.000078,
					"end":	9.000067,
					"seconds":	0.99998897314071655,
					"bytes":	11905456,
					"bits_per_second":	95244698.2498851,
					"omitted":	false,
					"sender":	false
				}],
			"sum":	{
				"start":	8.000078,
				"end":	9.000067,
				"seconds":	0.99998897314071655,
				"bytes":	11905456,
				"bits_per_second":	95244698.2498851,
				"omitted":	false,
				"sender":	false
			}
		}, {
			"streams":	[{
					"socket":	5,
					"start":	9.000067,
					"end":	10.00008,
					"seconds":	1.000012993812561,
					"bytes":	11779480,
					"bits_per_second":	94234615.533069,
					"omitted":	false,
					"sender":	false
				}],
			"sum":	{
				"start":	9.000067,
				"end":	10.00008,
				"seconds":	1.000012993812561,
				"bytes":	11779480,
				"bits_per_second":	94234615.533069,
				"omitted":	false,
				"sender":	false
			}
		}, {
			"streams":	[{
					"socket":	5,
					"start":	10.00008,
					"end":	11.000066,
					"seconds":	0.99998599290847778,
					"bytes":	11941656,
					"bits_per_second":	95534586.1616919,
					"omitted":	false,
					"sender":	false
				}],
			"sum":	{
				"start":	10.00008,
				"end":	11.000066,
				"seconds":	0.99998599290847778,
				"bytes":	11941656,
				"bits_per_second":	95534586.1616919,
				"omitted":	false,
				"sender":	false
			}
		}, {
			"streams":	[{
					"socket":	5,
					"start":	11.000066,
					"end":	12.000112,
					"seconds":	1.0000460147857666,
					"bytes":	11886632,
					"bits_per_second":	95088680.5147373,
					"omitted":	false,
					"sender":	false
				}],
			"sum":	{
				"start":	11.000066,
				"end":	12.000112,
				"seconds":	1.0000460147857666,
				"bytes":	11886632,
				"bits_per_second":	95088680.5147373,
				"omitted":	false,
				"sender":	false
			}
		}, {
			"streams":	[{
					"socket":	5,
					"start":	12.000112,
					"end":	13.000066,
					"seconds":	0.9999539852142334,
					"bytes":	11782376,
					"bits_per_second":	94263345.5076492,
					"omitted":	false,
					"sender":	false
				}],
			"sum":	{
				"start":	12.000112,
				"end":	13.000066,
				"seconds":	0.9999539852142334,
				"bytes":	11782376,
				"bits_per_second":	94263345.5076492,
				"omitted":	false,
				"sender":	false
			}
		}, {
			"streams":	[{
					"socket":	5,
					"start":	13.000066,
					"end":	14.000087,
					"seconds":	1.0000209808349609,
					"bytes":	11943104,
					"bits_per_second":	95542827.431705952,
					"omitted":	false,
					"sender":	false
				}],
			"sum":	{
				"start":	13.000066,
				"end":	14.000087,
				"seconds":	1.0000209808349609,
				"bytes":	11943104,
				"bits_per_second":	95542827.431705952,
				"omitted":	false,
				"sender":	false
			}
		}, {
			"streams":	[{
					"socket":	5,
					"start":	14.000087,
					"end":	15.000068,
					"seconds":	0.99998098611831665,
					"bytes":	10257632,
					"bits_per_second":	82062616.3288775,
					"omitted":	false,
					"sender":	false
				}],
			"sum":	{
				"start":	14.000087,
				"end":	15.000068,
				"seconds":	0.99998098611831665,
				"bytes":	10257632,
				"bits_per_second":	82062616.3288775,
				"omitted":	false,
				"sender":	false
			}
		}, {
			"streams":	[{
					"socket":	5,
					"start":	15.000068,
					"end":	16.000063,
					"seconds":	0.999994993209839,
					"bytes":	11901112,
					"bits_per_second":	95209372.693350449,
					"omitted":	false,
					"sender":	false
				}],
			"sum":	{
				"start":	15.000068,
				"end":	16.000063,
				"seconds":	0.999994993209839,
				"bytes":	11901112,
				"bits_per_second":	95209372.693350449,
				"omitted":	false,
				"sender":	false
			}
		}, {
			"streams":	[{
					"socket":	5,
					"start":	16.000063,
					"end":	17.000078,